[
    {
        "Anys": [
            {
                "Dones": "200016",
                "any": "2011",
                "Homes": "200830"
            },
            {
                "Dones": "200505",
                "any": "2012",
                "Homes": "201085"
            },
            {
                "Dones": "199682",
                "any": "2013",
                "Homes": "199828"
            },
            {
                "Dones": "198428",
                "any": "2014",
                "Homes": "198256"
            },
            {
                "Dones": "197539",
                "any": "2015",
                "Homes": "197389"
            },
            {
                "Dones": "196564",
                "any": "2016",
                "Homes": "196394"
            },
            {
                "Dones": "195893",
                "any": "2017",
                "Homes": "195681"
            },
            {
                "Dones": "195343",
                "any": "2018",
                "Homes": "194994"
            },
            {
                "Dones": "194969",
                "any": "2019",
                "Homes": "194558"
            },
            {
                "Dones": "195052",
                "any": "2020",
                "Homes": "194778"
            }
        ],
        "Provincia": "Albacete"
    },
    {
        "Anys": [
            {
                "Dones": "924028",
                "any": "2011",
                "Homes": "920410"
            },
            {
                "Dones": "928757",
                "any": "2012",
                "Homes": "924452"
            },
            {
                "Dones": "930302",
                "any": "2013",
                "Homes": "923942"
            },
            {
                "Dones": "929166",
                "any": "2014",
                "Homes": "921458"
            },
            {
                "Dones": "926119",
                "any": "2015",
                "Homes": "916055"
            },
            {
                "Dones": "926816",
                "any": "2016",
                "Homes": "915629"
            },
            {
                "Dones": "927748",
                "any": "2017",
                "Homes": "914824"
            },
            {
                "Dones": "930098",
                "any": "2018",
                "Homes": "915371"
            },
            {
                "Dones": "938902",
                "any": "2019",
                "Homes": "923878"
            },
            {
                "Dones": "950199",
                "any": "2020",
                "Homes": "935015"
            }
        ],
        "Provincia": "Alicante/Alacant"
    },
    {
        "Anys": [
            {
                "Dones": "335191",
                "any": "2011",
                "Homes": "351257"
            },
            {
                "Dones": "338341",
                "any": "2012",
                "Homes": "350979"
            },
            {
                "Dones": "340731",
                "any": "2013",
                "Homes": "350948"
            },
            {
                "Dones": "340291",
                "any": "2014",
                "Homes": "348597"
            },
            {
                "Dones": "341774",
                "any": "2015",
                "Homes": "349380"
            },
            {
                "Dones": "343958",
                "any": "2016",
                "Homes": "352228"
            },
            {
                "Dones": "345919",
                "any": "2017",
                "Homes": "354122"
            },
            {
                "Dones": "346593",
                "any": "2018",
                "Homes": "354476"
            },
            {
                "Dones": "349083",
                "any": "2019",
                "Homes": "357788"
            },
            {
                "Dones": "353391",
                "any": "2020",
                "Homes": "362016"
            }
        ],
        "Provincia": "Almería"
    },
    {
        "Anys": [
            {
                "Dones": "160173",
                "any": "2011",
                "Homes": "159673"
            },
            {
                "Dones": "161015",
                "any": "2012",
                "Homes": "159551"
            },
            {
                "Dones": "161297",
                "any": "2013",
                "Homes": "158630"
            },
            {
                "Dones": "161810",
                "any": "2014",
                "Homes": "158085"
            },
            {
                "Dones": "162565",
                "any": "2015",
                "Homes": "158099"
            },
            {
                "Dones": "163437",
                "any": "2016",
                "Homes": "158367"
            },
            {
                "Dones": "164627",
                "any": "2017",
                "Homes": "159186"
            },
            {
                "Dones": "165944",
                "any": "2018",
                "Homes": "159795"
            },
            {
                "Dones": "167003",
                "any": "2019",
                "Homes": "160680"
            },
            {
                "Dones": "168351",
                "any": "2020",
                "Homes": "161506"
            }
        ],
        "Provincia": "Araba/Álava"
    },
    {
        "Anys": [
            {
                "Dones": "559380",
                "any": "2011",
                "Homes": "516497"
            },
            {
                "Dones": "558801",
                "any": "2012",
                "Homes": "515503"
            },
            {
                "Dones": "555870",
                "any": "2013",
                "Homes": "511932"
            },
            {
                "Dones": "551824",
                "any": "2014",
                "Homes": "507151"
            },
            {
                "Dones": "547513",
                "any": "2015",
                "Homes": "502362"
            },
            {
                "Dones": "542979",
                "any": "2016",
                "Homes": "497946"
            },
            {
                "Dones": "539745",
                "any": "2017",
                "Homes": "494532"
            },
            {
                "Dones": "536306",
                "any": "2018",
                "Homes": "491318"
            },
            {
                "Dones": "533530",
                "any": "2019",
                "Homes": "488675"
            },
            {
                "Dones": "531819",
                "any": "2020",
                "Homes": "486957"
            }
        ],
        "Provincia": "Asturias"
    },
    {
        "Anys": [
            {
                "Dones": "347449",
                "any": "2011",
                "Homes": "342454"
            },
            {
                "Dones": "348413",
                "any": "2012",
                "Homes": "343428"
            },
            {
                "Dones": "347929",
                "any": "2013",
                "Homes": "342965"
            },
            {
                "Dones": "346958",
                "any": "2014",
                "Homes": "341689"
            },
            {
                "Dones": "345676",
                "any": "2015",
                "Homes": "340416"
            },
            {
                "Dones": "344115",
                "any": "2016",
                "Homes": "338456"
            },
            {
                "Dones": "342245",
                "any": "2017",
                "Homes": "336228"
            },
            {
                "Dones": "340748",
                "any": "2018",
                "Homes": "334178"
            },
            {
                "Dones": "339645",
                "any": "2019",
                "Homes": "332848"
            },
            {
                "Dones": "339093",
                "any": "2020",
                "Homes": "331689"
            }
        ],
        "Provincia": "Badajoz"
    },
    {
        "Anys": [
            {
                "Dones": "543069",
                "any": "2011",
                "Homes": "548586"
            },
            {
                "Dones": "548122",
                "any": "2012",
                "Homes": "552593"
            },
            {
                "Dones": "553557",
                "any": "2013",
                "Homes": "556558"
            },
            {
                "Dones": "557211",
                "any": "2014",
                "Homes": "558631"
            },
            {
                "Dones": "562431",
                "any": "2015",
                "Homes": "562541"
            },
            {
                "Dones": "567982",
                "any": "2016",
                "Homes": "567545"
            },
            {
                "Dones": "575631",
                "any": "2017",
                "Homes": "575304"
            },
            {
                "Dones": "583467",
                "any": "2018",
                "Homes": "583456"
            },
            {
                "Dones": "593797",
                "any": "2019",
                "Homes": "594424"
            },
            {
                "Dones": "604857",
                "any": "2020",
                "Homes": "605893"
            }
        ],
        "Provincia": "Balears, Illes"
    },
    {
        "Anys": [
            {
                "Dones": "2800400",
                "any": "2011",
                "Homes": "2705267"
            },
            {
                "Dones": "2814529",
                "any": "2012",
                "Homes": "2703747"
            },
            {
                "Dones": "2810207",
                "any": "2013",
                "Homes": "2682871"
            },
            {
                "Dones": "2794224",
                "any": "2014",
                "Homes": "2651393"
            },
            {
                "Dones": "2791862",
                "any": "2015",
                "Homes": "2640940"
            },
            {
                "Dones": "2801157",
                "any": "2016",
                "Homes": "2644747"
            },
            {
                "Dones": "2818659",
                "any": "2017",
                "Homes": "2655722"
            },
            {
                "Dones": "2841735",
                "any": "2018",
                "Homes": "2673145"
            },
            {
                "Dones": "2871977",
                "any": "2019",
                "Homes": "2703227"
            },
            {
                "Dones": "2901423",
                "any": "2020",
                "Homes": "2733621"
            }
        ],
        "Provincia": "Barcelona"
    },
    {
        "Anys": [
            {
                "Dones": "595195",
                "any": "2011",
                "Homes": "560835"
            },
            {
                "Dones": "595976",
                "any": "2012",
                "Homes": "559733"
            },
            {
                "Dones": "593763",
                "any": "2013",
                "Homes": "555108"
            },
            {
                "Dones": "590353",
                "any": "2014",
                "Homes": "549932"
            },
            {
                "Dones": "589272",
                "any": "2015",
                "Homes": "547848"
            },
            {
                "Dones": "588061",
                "any": "2016",
                "Homes": "546309"
            },
            {
                "Dones": "588707",
                "any": "2017",
                "Homes": "545784"
            },
            {
                "Dones": "589047",
                "any": "2018",
                "Homes": "545801"
            },
            {
                "Dones": "590406",
                "any": "2019",
                "Homes": "546785"
            },
            {
                "Dones": "593511",
                "any": "2020",
                "Homes": "549413"
            }
        ],
        "Provincia": "Bizkaia"
    },
    {
        "Anys": [
            {
                "Dones": "184329",
                "any": "2011",
                "Homes": "188923"
            },
            {
                "Dones": "184035",
                "any": "2012",
                "Homes": "188155"
            },
            {
                "Dones": "182849",
                "any": "2013",
                "Homes": "185852"
            },
            {
                "Dones": "181475",
                "any": "2014",
                "Homes": "183820"
            },
            {
                "Dones": "180466",
                "any": "2015",
                "Homes": "182446"
            },
            {
                "Dones": "179194",
                "any": "2016",
                "Homes": "180678"
            },
            {
                "Dones": "178081",
                "any": "2017",
                "Homes": "179535"
            },
            {
                "Dones": "177338",
                "any": "2018",
                "Homes": "178742"
            },
            {
                "Dones": "177073",
                "any": "2019",
                "Homes": "178356"
            },
            {
                "Dones": "177293",
                "any": "2020",
                "Homes": "178484"
            }
        ],
        "Provincia": "Burgos"
    },
    {
        "Anys": [
            {
                "Dones": "301468",
                "any": "2011",
                "Homes": "289406"
            },
            {
                "Dones": "302254",
                "any": "2012",
                "Homes": "290133"
            },
            {
                "Dones": "301303",
                "any": "2013",
                "Homes": "288734"
            },
            {
                "Dones": "300203",
                "any": "2014",
                "Homes": "287479"
            },
            {
                "Dones": "299154",
                "any": "2015",
                "Homes": "286204"
            },
            {
                "Dones": "297954",
                "any": "2016",
                "Homes": "284550"
            },
            {
                "Dones": "297510",
                "any": "2017",
                "Homes": "283967"
            },
            {
                "Dones": "297670",
                "any": "2018",
                "Homes": "283624"
            },
            {
                "Dones": "298080",
                "any": "2019",
                "Homes": "283562"
            },
            {
                "Dones": "298553",
                "any": "2020",
                "Homes": "283803"
            }
        ],
        "Provincia": "Cantabria"
    },
    {
        "Anys": [
            {
                "Dones": "296685",
                "any": "2011",
                "Homes": "298888"
            },
            {
                "Dones": "296255",
                "any": "2012",
                "Homes": "297669"
            },
            {
                "Dones": "293045",
                "any": "2013",
                "Homes": "292684"
            },
            {
                "Dones": "290058",
                "any": "2014",
                "Homes": "288155"
            },
            {
                "Dones": "288540",
                "any": "2015",
                "Homes": "285919"
            },
            {
                "Dones": "287199",
                "any": "2016",
                "Homes": "284025"
            },
            {
                "Dones": "287007",
                "any": "2017",
                "Homes": "283164"
            },
            {
                "Dones": "286799",
                "any": "2018",
                "Homes": "282778"
            },
            {
                "Dones": "287822",
                "any": "2019",
                "Homes": "283778"
            },
            {
                "Dones": "289602",
                "any": "2020",
                "Homes": "285298"
            }
        ],
        "Provincia": "Castelló"
    },
    {
        "Anys": [
            {
                "Dones": "39826",
                "any": "2011",
                "Homes": "41801"
            },
            {
                "Dones": "40877",
                "any": "2012",
                "Homes": "42960"
            },
            {
                "Dones": "41211",
                "any": "2013",
                "Homes": "43323"
            },
            {
                "Dones": "41415",
                "any": "2014",
                "Homes": "43259"
            },
            {
                "Dones": "41569",
                "any": "2015",
                "Homes": "43124"
            },
            {
                "Dones": "41624",
                "any": "2016",
                "Homes": "43028"
            },
            {
                "Dones": "41825",
                "any": "2017",
                "Homes": "43209"
            },
            {
                "Dones": "41926",
                "any": "2018",
                "Homes": "43282"
            },
            {
                "Dones": "41809",
                "any": "2019",
                "Homes": "43020"
            },
            {
                "Dones": "41548",
                "any": "2020",
                "Homes": "42484"
            }
        ],
        "Provincia": "Ceuta"
    },
    {
        "Anys": [
            {
                "Dones": "263990",
                "any": "2011",
                "Homes": "262176"
            },
            {
                "Dones": "264134",
                "any": "2012",
                "Homes": "262148"
            },
            {
                "Dones": "262572",
                "any": "2013",
                "Homes": "260177"
            },
            {
                "Dones": "260468",
                "any": "2014",
                "Homes": "257584"
            },
            {
                "Dones": "258679",
                "any": "2015",
                "Homes": "255465"
            },
            {
                "Dones": "256052",
                "any": "2016",
                "Homes": "252357"
            },
            {
                "Dones": "254229",
                "any": "2017",
                "Homes": "249888"
            },
            {
                "Dones": "251616",
                "any": "2018",
                "Homes": "246932"
            },
            {
                "Dones": "249959",
                "any": "2019",
                "Homes": "245147"
            },
            {
                "Dones": "249326",
                "any": "2020",
                "Homes": "244803"
            }
        ],
        "Provincia": "Ciudad Real"
    },
    {
        "Anys": [
            {
                "Dones": "591518",
                "any": "2011",
                "Homes": "548550"
            },
            {
                "Dones": "591913",
                "any": "2012",
                "Homes": "549265"
            },
            {
                "Dones": "590463",
                "any": "2013",
                "Homes": "548031"
            },
            {
                "Dones": "587987",
                "any": "2014",
                "Homes": "545342"
            },
            {
                "Dones": "585671",
                "any": "2015",
                "Homes": "543023"
            },
            {
                "Dones": "583586",
                "any": "2016",
                "Homes": "540529"
            },
            {
                "Dones": "582691",
                "any": "2017",
                "Homes": "539055"
            },
            {
                "Dones": "582737",
                "any": "2018",
                "Homes": "538681"
            },
            {
                "Dones": "583252",
                "any": "2019",
                "Homes": "538755"
            },
            {
                "Dones": "584082",
                "any": "2020",
                "Homes": "539398"
            }
        ],
        "Provincia": "Coruña, A"
    },
    {
        "Anys": [
            {
                "Dones": "106740",
                "any": "2011",
                "Homes": "109637"
            },
            {
                "Dones": "105971",
                "any": "2012",
                "Homes": "108781"
            },
            {
                "Dones": "104422",
                "any": "2013",
                "Homes": "107374"
            },
            {
                "Dones": "102977",
                "any": "2014",
                "Homes": "105685"
            },
            {
                "Dones": "101970",
                "any": "2015",
                "Homes": "104624"
            },
            {
                "Dones": "100703",
                "any": "2016",
                "Homes": "103297"
            },
            {
                "Dones": "99808",
                "any": "2017",
                "Homes": "102229"
            },
            {
                "Dones": "99190",
                "any": "2018",
                "Homes": "101406"
            },
            {
                "Dones": "98761",
                "any": "2019",
                "Homes": "100868"
            },
            {
                "Dones": "98822",
                "any": "2020",
                "Homes": "101006"
            }
        ],
        "Provincia": "Cuenca"
    },
    {
        "Anys": [
            {
                "Dones": "206539",
                "any": "2011",
                "Homes": "205858"
            },
            {
                "Dones": "206406",
                "any": "2012",
                "Homes": "206095"
            },
            {
                "Dones": "205206",
                "any": "2013",
                "Homes": "204868"
            },
            {
                "Dones": "204012",
                "any": "2014",
                "Homes": "203763"
            },
            {
                "Dones": "202967",
                "any": "2015",
                "Homes": "202564"
            },
            {
                "Dones": "201385",
                "any": "2016",
                "Homes": "201012"
            },
            {
                "Dones": "199774",
                "any": "2017",
                "Homes": "199259"
            },
            {
                "Dones": "198063",
                "any": "2018",
                "Homes": "197465"
            },
            {
                "Dones": "196797",
                "any": "2019",
                "Homes": "196133"
            },
            {
                "Dones": "195864",
                "any": "2020",
                "Homes": "195122"
            }
        ],
        "Provincia": "Cáceres"
    },
    {
        "Anys": [
            {
                "Dones": "621809",
                "any": "2011",
                "Homes": "617114"
            },
            {
                "Dones": "624899",
                "any": "2012",
                "Homes": "620463"
            },
            {
                "Dones": "626411",
                "any": "2013",
                "Homes": "621167"
            },
            {
                "Dones": "626680",
                "any": "2014",
                "Homes": "620872"
            },
            {
                "Dones": "627495",
                "any": "2015",
                "Homes": "621089"
            },
            {
                "Dones": "627519",
                "any": "2016",
                "Homes": "620722"
            },
            {
                "Dones": "628241",
                "any": "2017",
                "Homes": "620717"
            },
            {
                "Dones": "628830",
                "any": "2018",
                "Homes": "620415"
            },
            {
                "Dones": "629412",
                "any": "2019",
                "Homes": "620327"
            },
            {
                "Dones": "632126",
                "any": "2020",
                "Homes": "622502"
            }
        ],
        "Provincia": "Cádiz"
    },
    {
        "Anys": [
            {
                "Dones": "407820",
                "any": "2011",
                "Homes": "393972"
            },
            {
                "Dones": "408212",
                "any": "2012",
                "Homes": "394505"
            },
            {
                "Dones": "407140",
                "any": "2013",
                "Homes": "393273"
            },
            {
                "Dones": "405837",
                "any": "2014",
                "Homes": "391933"
            },
            {
                "Dones": "404860",
                "any": "2015",
                "Homes": "390844"
            },
            {
                "Dones": "403225",
                "any": "2016",
                "Homes": "389187"
            },
            {
                "Dones": "402015",
                "any": "2017",
                "Homes": "387966"
            },
            {
                "Dones": "400314",
                "any": "2018",
                "Homes": "386210"
            },
            {
                "Dones": "399280",
                "any": "2019",
                "Homes": "384587"
            },
            {
                "Dones": "399682",
                "any": "2020",
                "Homes": "384574"
            }
        ],
        "Provincia": "Córdoba"
    },
    {
        "Anys": [
            {
                "Dones": "360375",
                "any": "2011",
                "Homes": "346883"
            },
            {
                "Dones": "361550",
                "any": "2012",
                "Homes": "346871"
            },
            {
                "Dones": "361975",
                "any": "2013",
                "Homes": "346232"
            },
            {
                "Dones": "361914",
                "any": "2014",
                "Homes": "345072"
            },
            {
                "Dones": "362395",
                "any": "2015",
                "Homes": "344922"
            },
            {
                "Dones": "363079",
                "any": "2016",
                "Homes": "344813"
            },
            {
                "Dones": "364141",
                "any": "2017",
                "Homes": "344838"
            },
            {
                "Dones": "365027",
                "any": "2018",
                "Homes": "345254"
            },
            {
                "Dones": "366370",
                "any": "2019",
                "Homes": "346637"
            },
            {
                "Dones": "368280",
                "any": "2020",
                "Homes": "348250"
            }
        ],
        "Provincia": "Gipuzkoa"
    },
    {
        "Anys": [
            {
                "Dones": "369576",
                "any": "2011",
                "Homes": "377460"
            },
            {
                "Dones": "372721",
                "any": "2012",
                "Homes": "378879"
            },
            {
                "Dones": "372775",
                "any": "2013",
                "Homes": "376416"
            },
            {
                "Dones": "370792",
                "any": "2014",
                "Homes": "372332"
            },
            {
                "Dones": "370250",
                "any": "2015",
                "Homes": "370122"
            },
            {
                "Dones": "371407",
                "any": "2016",
                "Homes": "370201"
            },
            {
                "Dones": "373673",
                "any": "2017",
                "Homes": "371571"
            },
            {
                "Dones": "376285",
                "any": "2018",
                "Homes": "373371"
            },
            {
                "Dones": "380374",
                "any": "2019",
                "Homes": "377123"
            },
            {
                "Dones": "385094",
                "any": "2020",
                "Homes": "382025"
            }
        ],
        "Provincia": "Girona"
    },
    {
        "Anys": [
            {
                "Dones": "463518",
                "any": "2011",
                "Homes": "456366"
            },
            {
                "Dones": "464408",
                "any": "2012",
                "Homes": "458053"
            },
            {
                "Dones": "464350",
                "any": "2013",
                "Homes": "457787"
            },
            {
                "Dones": "463917",
                "any": "2014",
                "Homes": "456567"
            },
            {
                "Dones": "463638",
                "any": "2015",
                "Homes": "455501"
            },
            {
                "Dones": "462771",
                "any": "2016",
                "Homes": "454723"
            },
            {
                "Dones": "462599",
                "any": "2017",
                "Homes": "454440"
            },
            {
                "Dones": "463014",
                "any": "2018",
                "Homes": "454431"
            },
            {
                "Dones": "464410",
                "any": "2019",
                "Homes": "455290"
            },
            {
                "Dones": "467373",
                "any": "2020",
                "Homes": "457686"
            }
        ],
        "Provincia": "Granada"
    },
    {
        "Anys": [
            {
                "Dones": "123978",
                "any": "2011",
                "Homes": "130678"
            },
            {
                "Dones": "125531",
                "any": "2012",
                "Homes": "132200"
            },
            {
                "Dones": "125552",
                "any": "2013",
                "Homes": "131548"
            },
            {
                "Dones": "125021",
                "any": "2014",
                "Homes": "130218"
            },
            {
                "Dones": "124917",
                "any": "2015",
                "Homes": "129641"
            },
            {
                "Dones": "124986",
                "any": "2016",
                "Homes": "129294"
            },
            {
                "Dones": "125673",
                "any": "2017",
                "Homes": "129659"
            },
            {
                "Dones": "126053",
                "any": "2018",
                "Homes": "129976"
            },
            {
                "Dones": "127525",
                "any": "2019",
                "Homes": "131365"
            },
            {
                "Dones": "129197",
                "any": "2020",
                "Homes": "133207"
            }
        ],
        "Provincia": "Guadalajara"
    },
    {
        "Anys": [
            {
                "Dones": "260668",
                "any": "2011",
                "Homes": "257222"
            },
            {
                "Dones": "262130",
                "any": "2012",
                "Homes": "257850"
            },
            {
                "Dones": "262558",
                "any": "2013",
                "Homes": "258390"
            },
            {
                "Dones": "263039",
                "any": "2014",
                "Homes": "258389"
            },
            {
                "Dones": "263591",
                "any": "2015",
                "Homes": "258545"
            },
            {
                "Dones": "263386",
                "any": "2016",
                "Homes": "258263"
            },
            {
                "Dones": "263082",
                "any": "2017",
                "Homes": "258028"
            },
            {
                "Dones": "264250",
                "any": "2018",
                "Homes": "258233"
            },
            {
                "Dones": "265689",
                "any": "2019",
                "Homes": "258887"
            },
            {
                "Dones": "267882",
                "any": "2020",
                "Homes": "260177"
            }
        ],
        "Provincia": "Huelva"
    },
    {
        "Anys": [
            {
                "Dones": "111202",
                "any": "2011",
                "Homes": "115394"
            },
            {
                "Dones": "111128",
                "any": "2012",
                "Homes": "114693"
            },
            {
                "Dones": "110642",
                "any": "2013",
                "Homes": "114046"
            },
            {
                "Dones": "110176",
                "any": "2014",
                "Homes": "113182"
            },
            {
                "Dones": "109707",
                "any": "2015",
                "Homes": "112377"
            },
            {
                "Dones": "109072",
                "any": "2016",
                "Homes": "111516"
            },
            {
                "Dones": "108658",
                "any": "2017",
                "Homes": "111012"
            },
            {
                "Dones": "108513",
                "any": "2018",
                "Homes": "110661"
            },
            {
                "Dones": "108612",
                "any": "2019",
                "Homes": "110627"
            },
            {
                "Dones": "109227",
                "any": "2020",
                "Homes": "111430"
            }
        ],
        "Provincia": "Huesca"
    },
    {
        "Anys": [
            {
                "Dones": "334104",
                "any": "2011",
                "Homes": "332956"
            },
            {
                "Dones": "333500",
                "any": "2012",
                "Homes": "333760"
            },
            {
                "Dones": "331803",
                "any": "2013",
                "Homes": "329913"
            },
            {
                "Dones": "329973",
                "any": "2014",
                "Homes": "326158"
            },
            {
                "Dones": "328081",
                "any": "2015",
                "Homes": "324051"
            },
            {
                "Dones": "325345",
                "any": "2016",
                "Homes": "321155"
            },
            {
                "Dones": "323027",
                "any": "2017",
                "Homes": "318789"
            },
            {
                "Dones": "320651",
                "any": "2018",
                "Homes": "315935"
            },
            {
                "Dones": "318441",
                "any": "2019",
                "Homes": "313586"
            },
            {
                "Dones": "316818",
                "any": "2020",
                "Homes": "312023"
            }
        ],
        "Provincia": "Jaén"
    },
    {
        "Anys": [
            {
                "Dones": "252501",
                "any": "2011",
                "Homes": "241709"
            },
            {
                "Dones": "251727",
                "any": "2012",
                "Homes": "241096"
            },
            {
                "Dones": "250113",
                "any": "2013",
                "Homes": "239125"
            },
            {
                "Dones": "247764",
                "any": "2014",
                "Homes": "236768"
            },
            {
                "Dones": "245798",
                "any": "2015",
                "Homes": "234533"
            },
            {
                "Dones": "243114",
                "any": "2016",
                "Homes": "231782"
            },
            {
                "Dones": "240886",
                "any": "2017",
                "Homes": "229440"
            },
            {
                "Dones": "238926",
                "any": "2018",
                "Homes": "227182"
            },
            {
                "Dones": "237169",
                "any": "2019",
                "Homes": "225326"
            },
            {
                "Dones": "235555",
                "any": "2020",
                "Homes": "223586"
            }
        ],
        "Provincia": "León"
    },
    {
        "Anys": [
            {
                "Dones": "214264",
                "any": "2011",
                "Homes": "222425"
            },
            {
                "Dones": "215135",
                "any": "2012",
                "Homes": "223077"
            },
            {
                "Dones": "214546",
                "any": "2013",
                "Homes": "221301"
            },
            {
                "Dones": "213334",
                "any": "2014",
                "Homes": "218835"
            },
            {
                "Dones": "212864",
                "any": "2015",
                "Homes": "217796"
            },
            {
                "Dones": "211928",
                "any": "2016",
                "Homes": "217180"
            },
            {
                "Dones": "211897",
                "any": "2017",
                "Homes": "216996"
            },
            {
                "Dones": "212046",
                "any": "2018",
                "Homes": "217166"
            },
            {
                "Dones": "212855",
                "any": "2019",
                "Homes": "218328"
            },
            {
                "Dones": "214567",
                "any": "2020",
                "Homes": "221040"
            }
        ],
        "Provincia": "Lleida"
    },
    {
        "Anys": [
            {
                "Dones": "179467",
                "any": "2011",
                "Homes": "170058"
            },
            {
                "Dones": "178452",
                "any": "2012",
                "Homes": "169176"
            },
            {
                "Dones": "177217",
                "any": "2013",
                "Homes": "167629"
            },
            {
                "Dones": "175774",
                "any": "2014",
                "Homes": "166048"
            },
            {
                "Dones": "174275",
                "any": "2015",
                "Homes": "164645"
            },
            {
                "Dones": "172839",
                "any": "2016",
                "Homes": "163297"
            },
            {
                "Dones": "171523",
                "any": "2017",
                "Homes": "162070"
            },
            {
                "Dones": "170459",
                "any": "2018",
                "Homes": "161033"
            },
            {
                "Dones": "169582",
                "any": "2019",
                "Homes": "160005"
            },
            {
                "Dones": "168866",
                "any": "2020",
                "Homes": "159287"
            }
        ],
        "Provincia": "Lugo"
    },
    {
        "Anys": [
            {
                "Dones": "3306467",
                "any": "2011",
                "Homes": "3087772"
            },
            {
                "Dones": "3328114",
                "any": "2012",
                "Homes": "3097459"
            },
            {
                "Dones": "3328023",
                "any": "2013",
                "Homes": "3086686"
            },
            {
                "Dones": "3312721",
                "any": "2014",
                "Homes": "3065576"
            },
            {
                "Dones": "3318521",
                "any": "2015",
                "Homes": "3066776"
            },
            {
                "Dones": "3339528",
                "any": "2016",
                "Homes": "3084747"
            },
            {
                "Dones": "3367894",
                "any": "2017",
                "Homes": "3108811"
            },
            {
                "Dones": "3407498",
                "any": "2018",
                "Homes": "3142021"
            },
            {
                "Dones": "3457275",
                "any": "2019",
                "Homes": "3184373"
            },
            {
                "Dones": "3513350",
                "any": "2020",
                "Homes": "3234075"
            }
        ],
        "Provincia": "Madrid"
    },
    {
        "Anys": [
            {
                "Dones": "38261",
                "any": "2011",
                "Homes": "40601"
            },
            {
                "Dones": "39476",
                "any": "2012",
                "Homes": "42310"
            },
            {
                "Dones": "40506",
                "any": "2013",
                "Homes": "43113"
            },
            {
                "Dones": "41006",
                "any": "2014",
                "Homes": "42864"
            },
            {
                "Dones": "41428",
                "any": "2015",
                "Homes": "43142"
            },
            {
                "Dones": "41656",
                "any": "2016",
                "Homes": "43108"
            },
            {
                "Dones": "41865",
                "any": "2017",
                "Homes": "43079"
            },
            {
                "Dones": "41901",
                "any": "2018",
                "Homes": "42807"
            },
            {
                "Dones": "41896",
                "any": "2019",
                "Homes": "42793"
            },
            {
                "Dones": "41996",
                "any": "2020",
                "Homes": "42500"
            }
        ],
        "Provincia": "Melilla"
    },
    {
        "Anys": [
            {
                "Dones": "721782",
                "any": "2011",
                "Homes": "737295"
            },
            {
                "Dones": "724690",
                "any": "2012",
                "Homes": "737239"
            },
            {
                "Dones": "726437",
                "any": "2013",
                "Homes": "735550"
            },
            {
                "Dones": "727749",
                "any": "2014",
                "Homes": "734055"
            },
            {
                "Dones": "729505",
                "any": "2015",
                "Homes": "734269"
            },
            {
                "Dones": "731366",
                "any": "2016",
                "Homes": "735108"
            },
            {
                "Dones": "734993",
                "any": "2017",
                "Homes": "737984"
            },
            {
                "Dones": "736924",
                "any": "2018",
                "Homes": "738645"
            },
            {
                "Dones": "743519",
                "any": "2019",
                "Homes": "744145"
            },
            {
                "Dones": "751919",
                "any": "2020",
                "Homes": "752689"
            }
        ],
        "Provincia": "Murcia"
    },
    {
        "Anys": [
            {
                "Dones": "800593",
                "any": "2011",
                "Homes": "780751"
            },
            {
                "Dones": "809085",
                "any": "2012",
                "Homes": "789052"
            },
            {
                "Dones": "816606",
                "any": "2013",
                "Homes": "795377"
            },
            {
                "Dones": "820853",
                "any": "2014",
                "Homes": "798860"
            },
            {
                "Dones": "827209",
                "any": "2015",
                "Homes": "804149"
            },
            {
                "Dones": "832246",
                "any": "2016",
                "Homes": "808326"
            },
            {
                "Dones": "836233",
                "any": "2017",
                "Homes": "810480"
            },
            {
                "Dones": "839496",
                "any": "2018",
                "Homes": "812010"
            },
            {
                "Dones": "844956",
                "any": "2019",
                "Homes": "816029"
            },
            {
                "Dones": "856765",
                "any": "2020",
                "Homes": "826506"
            }
        ],
        "Provincia": "Málaga"
    },
    {
        "Anys": [
            {
                "Dones": "318983",
                "any": "2011",
                "Homes": "318116"
            },
            {
                "Dones": "320933",
                "any": "2012",
                "Homes": "319090"
            },
            {
                "Dones": "321104",
                "any": "2013",
                "Homes": "317845"
            },
            {
                "Dones": "320515",
                "any": "2014",
                "Homes": "315935"
            },
            {
                "Dones": "320832",
                "any": "2015",
                "Homes": "315570"
            },
            {
                "Dones": "321547",
                "any": "2016",
                "Homes": "315938"
            },
            {
                "Dones": "323346",
                "any": "2017",
                "Homes": "316990"
            },
            {
                "Dones": "325562",
                "any": "2018",
                "Homes": "318305"
            },
            {
                "Dones": "328882",
                "any": "2019",
                "Homes": "321064"
            },
            {
                "Dones": "332086",
                "any": "2020",
                "Homes": "324401"
            }
        ],
        "Provincia": "Navarra"
    },
    {
        "Anys": [
            {
                "Dones": "170717",
                "any": "2011",
                "Homes": "159302"
            },
            {
                "Dones": "169670",
                "any": "2012",
                "Homes": "158517"
            },
            {
                "Dones": "168166",
                "any": "2013",
                "Homes": "157223"
            },
            {
                "Dones": "166400",
                "any": "2014",
                "Homes": "155401"
            },
            {
                "Dones": "164903",
                "any": "2015",
                "Homes": "153836"
            },
            {
                "Dones": "162886",
                "any": "2016",
                "Homes": "151777"
            },
            {
                "Dones": "161236",
                "any": "2017",
                "Homes": "150326"
            },
            {
                "Dones": "160143",
                "any": "2018",
                "Homes": "149171"
            },
            {
                "Dones": "159526",
                "any": "2019",
                "Homes": "148315"
            },
            {
                "Dones": "159032",
                "any": "2020",
                "Homes": "147771"
            }
        ],
        "Provincia": "Ourense"
    },
    {
        "Anys": [
            {
                "Dones": "86372",
                "any": "2011",
                "Homes": "84933"
            },
            {
                "Dones": "85885",
                "any": "2012",
                "Homes": "84416"
            },
            {
                "Dones": "85141",
                "any": "2013",
                "Homes": "83608"
            },
            {
                "Dones": "84452",
                "any": "2014",
                "Homes": "82849"
            },
            {
                "Dones": "83691",
                "any": "2015",
                "Homes": "82115"
            },
            {
                "Dones": "82801",
                "any": "2016",
                "Homes": "81447"
            },
            {
                "Dones": "82223",
                "any": "2017",
                "Homes": "80784"
            },
            {
                "Dones": "81554",
                "any": "2018",
                "Homes": "80240"
            },
            {
                "Dones": "81039",
                "any": "2019",
                "Homes": "79662"
            },
            {
                "Dones": "80627",
                "any": "2020",
                "Homes": "79220"
            }
        ],
        "Provincia": "Palencia"
    },
    {
        "Anys": [
            {
                "Dones": "536262",
                "any": "2011",
                "Homes": "540825"
            },
            {
                "Dones": "542836",
                "any": "2012",
                "Homes": "546215"
            },
            {
                "Dones": "548062",
                "any": "2013",
                "Homes": "550174"
            },
            {
                "Dones": "550119",
                "any": "2014",
                "Homes": "550595"
            },
            {
                "Dones": "553239",
                "any": "2015",
                "Homes": "552997"
            },
            {
                "Dones": "556158",
                "any": "2016",
                "Homes": "554726"
            },
            {
                "Dones": "560804",
                "any": "2017",
                "Homes": "558346"
            },
            {
                "Dones": "565338",
                "any": "2018",
                "Homes": "561558"
            },
            {
                "Dones": "572024",
                "any": "2019",
                "Homes": "567359"
            },
            {
                "Dones": "578589",
                "any": "2020",
                "Homes": "572762"
            }
        ],
        "Provincia": "Palmas, Las"
    },
    {
        "Anys": [
            {
                "Dones": "490902",
                "any": "2011",
                "Homes": "462901"
            },
            {
                "Dones": "491025",
                "any": "2012",
                "Homes": "463897"
            },
            {
                "Dones": "490160",
                "any": "2013",
                "Homes": "463081"
            },
            {
                "Dones": "488692",
                "any": "2014",
                "Homes": "461581"
            },
            {
                "Dones": "487792",
                "any": "2015",
                "Homes": "460510"
            },
            {
                "Dones": "486156",
                "any": "2016",
                "Homes": "459032"
            },
            {
                "Dones": "485232",
                "any": "2017",
                "Homes": "457996"
            },
            {
                "Dones": "484433",
                "any": "2018",
                "Homes": "456493"
            },
            {
                "Dones": "484628",
                "any": "2019",
                "Homes": "456379"
            },
            {
                "Dones": "486274",
                "any": "2020",
                "Homes": "457535"
            }
        ],
        "Provincia": "Pontevedra"
    },
    {
        "Anys": [
            {
                "Dones": "160156",
                "any": "2011",
                "Homes": "160694"
            },
            {
                "Dones": "160633",
                "any": "2012",
                "Homes": "160318"
            },
            {
                "Dones": "160099",
                "any": "2013",
                "Homes": "158540"
            },
            {
                "Dones": "158979",
                "any": "2014",
                "Homes": "156245"
            },
            {
                "Dones": "158548",
                "any": "2015",
                "Homes": "155021"
            },
            {
                "Dones": "158294",
                "any": "2016",
                "Homes": "154516"
            },
            {
                "Dones": "158330",
                "any": "2017",
                "Homes": "154288"
            },
            {
                "Dones": "158475",
                "any": "2018",
                "Homes": "154409"
            },
            {
                "Dones": "159059",
                "any": "2019",
                "Homes": "154512"
            },
            {
                "Dones": "160270",
                "any": "2020",
                "Homes": "155656"
            }
        ],
        "Provincia": "Rioja, La"
    },
    {
        "Anys": [
            {
                "Dones": "179123",
                "any": "2011",
                "Homes": "171696"
            },
            {
                "Dones": "178399",
                "any": "2012",
                "Homes": "171226"
            },
            {
                "Dones": "177245",
                "any": "2013",
                "Homes": "170004"
            },
            {
                "Dones": "176046",
                "any": "2014",
                "Homes": "168350"
            },
            {
                "Dones": "174974",
                "any": "2015",
                "Homes": "167027"
            },
            {
                "Dones": "173356",
                "any": "2016",
                "Homes": "165197"
            },
            {
                "Dones": "172165",
                "any": "2017",
                "Homes": "163922"
            },
            {
                "Dones": "171071",
                "any": "2018",
                "Homes": "162579"
            },
            {
                "Dones": "170376",
                "any": "2019",
                "Homes": "161858"
            },
            {
                "Dones": "169803",
                "any": "2020",
                "Homes": "161245"
            }
        ],
        "Provincia": "Salamanca"
    },
    {
        "Anys": [
            {
                "Dones": "497370",
                "any": "2011",
                "Homes": "490419"
            },
            {
                "Dones": "502146",
                "any": "2012",
                "Homes": "494731"
            },
            {
                "Dones": "507555",
                "any": "2013",
                "Homes": "499442"
            },
            {
                "Dones": "511577",
                "any": "2014",
                "Homes": "502554"
            },
            {
                "Dones": "514879",
                "any": "2015",
                "Homes": "505028"
            },
            {
                "Dones": "517560",
                "any": "2016",
                "Homes": "506765"
            },
            {
                "Dones": "523505",
                "any": "2017",
                "Homes": "512269"
            },
            {
                "Dones": "531085",
                "any": "2018",
                "Homes": "519067"
            },
            {
                "Dones": "540163",
                "any": "2019",
                "Homes": "527355"
            },
            {
                "Dones": "550094",
                "any": "2020",
                "Homes": "535863"
            }
        ],
        "Provincia": "Santa Cruz de Tenerife"
    },
    {
        "Anys": [
            {
                "Dones": "80655",
                "any": "2011",
                "Homes": "82768"
            },
            {
                "Dones": "80458",
                "any": "2012",
                "Homes": "82478"
            },
            {
                "Dones": "79715",
                "any": "2013",
                "Homes": "81659"
            },
            {
                "Dones": "78615",
                "any": "2014",
                "Homes": "80513"
            },
            {
                "Dones": "78038",
                "any": "2015",
                "Homes": "79900"
            },
            {
                "Dones": "77352",
                "any": "2016",
                "Homes": "79007"
            },
            {
                "Dones": "76934",
                "any": "2017",
                "Homes": "78373"
            },
            {
                "Dones": "76559",
                "any": "2018",
                "Homes": "77829"
            },
            {
                "Dones": "76493",
                "any": "2019",
                "Homes": "77602"
            },
            {
                "Dones": "76603",
                "any": "2020",
                "Homes": "77626"
            }
        ],
        "Provincia": "Segovia"
    },
    {
        "Anys": [
            {
                "Dones": "977326",
                "any": "2011",
                "Homes": "941421"
            },
            {
                "Dones": "984746",
                "any": "2012",
                "Homes": "947826"
            },
            {
                "Dones": "987445",
                "any": "2013",
                "Homes": "949258"
            },
            {
                "Dones": "987811",
                "any": "2014",
                "Homes": "949097"
            },
            {
                "Dones": "989311",
                "any": "2015",
                "Homes": "950101"
            },
            {
                "Dones": "990051",
                "any": "2016",
                "Homes": "950670"
            },
            {
                "Dones": "991687",
                "any": "2017",
                "Homes": "951479"
            },
            {
                "Dones": "993068",
                "any": "2018",
                "Homes": "952167"
            },
            {
                "Dones": "995903",
                "any": "2019",
                "Homes": "953736"
            },
            {
                "Dones": "1000140",
                "any": "2020",
                "Homes": "957057"
            }
        ],
        "Provincia": "Sevilla"
    },
    {
        "Anys": [
            {
                "Dones": "46696",
                "any": "2011",
                "Homes": "48202"
            },
            {
                "Dones": "46486",
                "any": "2012",
                "Homes": "47977"
            },
            {
                "Dones": "46055",
                "any": "2013",
                "Homes": "47520"
            },
            {
                "Dones": "45645",
                "any": "2014",
                "Homes": "46985"
            },
            {
                "Dones": "45211",
                "any": "2015",
                "Homes": "46570"
            },
            {
                "Dones": "44668",
                "any": "2016",
                "Homes": "46077"
            },
            {
                "Dones": "44317",
                "any": "2017",
                "Homes": "45693"
            },
            {
                "Dones": "44189",
                "any": "2018",
                "Homes": "45549"
            },
            {
                "Dones": "44092",
                "any": "2019",
                "Homes": "45410"
            },
            {
                "Dones": "44247",
                "any": "2020",
                "Homes": "45665"
            }
        ],
        "Provincia": "Soria"
    },
    {
        "Anys": [
            {
                "Dones": "397375",
                "any": "2011",
                "Homes": "406485"
            },
            {
                "Dones": "399394",
                "any": "2012",
                "Homes": "407510"
            },
            {
                "Dones": "398507",
                "any": "2013",
                "Homes": "404298"
            },
            {
                "Dones": "396234",
                "any": "2014",
                "Homes": "399094"
            },
            {
                "Dones": "395876",
                "any": "2015",
                "Homes": "397279"
            },
            {
                "Dones": "395859",
                "any": "2016",
                "Homes": "395811"
            },
            {
                "Dones": "396937",
                "any": "2017",
                "Homes": "395685"
            },
            {
                "Dones": "398732",
                "any": "2018",
                "Homes": "396237"
            },
            {
                "Dones": "402556",
                "any": "2019",
                "Homes": "399991"
            },
            {
                "Dones": "408023",
                "any": "2020",
                "Homes": "406276"
            }
        ],
        "Provincia": "Tarragona"
    },
    {
        "Anys": [
            {
                "Dones": "70271",
                "any": "2011",
                "Homes": "74087"
            },
            {
                "Dones": "69678",
                "any": "2012",
                "Homes": "73240"
            },
            {
                "Dones": "69082",
                "any": "2013",
                "Homes": "72031"
            },
            {
                "Dones": "68352",
                "any": "2014",
                "Homes": "71039"
            },
            {
                "Dones": "67670",
                "any": "2015",
                "Homes": "70045"
            },
            {
                "Dones": "66956",
                "any": "2016",
                "Homes": "69087"
            },
            {
                "Dones": "66507",
                "any": "2017",
                "Homes": "68366"
            },
            {
                "Dones": "66105",
                "any": "2018",
                "Homes": "67745"
            },
            {
                "Dones": "65783",
                "any": "2019",
                "Homes": "67516"
            },
            {
                "Dones": "65757",
                "any": "2020",
                "Homes": "67533"
            }
        ],
        "Provincia": "Teruel"
    },
    {
        "Anys": [
            {
                "Dones": "344824",
                "any": "2011",
                "Homes": "356188"
            },
            {
                "Dones": "347143",
                "any": "2012",
                "Homes": "358439"
            },
            {
                "Dones": "346393",
                "any": "2013",
                "Homes": "356843"
            },
            {
                "Dones": "343548",
                "any": "2014",
                "Homes": "353012"
            },
            {
                "Dones": "341797",
                "any": "2015",
                "Homes": "350747"
            },
            {
                "Dones": "340485",
                "any": "2016",
                "Homes": "348768"
            },
            {
                "Dones": "340077",
                "any": "2017",
                "Homes": "347802"
            },
            {
                "Dones": "340038",
                "any": "2018",
                "Homes": "347045"
            },
            {
                "Dones": "342556",
                "any": "2019",
                "Homes": "349168"
            },
            {
                "Dones": "346310",
                "any": "2020",
                "Homes": "352884"
            }
        ],
        "Provincia": "Toledo"
    },
    {
        "Anys": [
            {
                "Dones": "1293683",
                "any": "2011",
                "Homes": "1265516"
            },
            {
                "Dones": "1296975",
                "any": "2012",
                "Homes": "1265539"
            },
            {
                "Dones": "1291648",
                "any": "2013",
                "Homes": "1255397"
            },
            {
                "Dones": "1284480",
                "any": "2014",
                "Homes": "1243110"
            },
            {
                "Dones": "1283144",
                "any": "2015",
                "Homes": "1239896"
            },
            {
                "Dones": "1282284",
                "any": "2016",
                "Homes": "1236395"
            },
            {
                "Dones": "1285589",
                "any": "2017",
                "Homes": "1236752"
            },
            {
                "Dones": "1291156",
                "any": "2018",
                "Homes": "1240031"
            },
            {
                "Dones": "1297452",
                "any": "2019",
                "Homes": "1243137"
            },
            {
                "Dones": "1312378",
                "any": "2020",
                "Homes": "1256158"
            }
        ],
        "Provincia": "Valencia/València"
    },
    {
        "Anys": [
            {
                "Dones": "270649",
                "any": "2011",
                "Homes": "261233"
            },
            {
                "Dones": "271394",
                "any": "2012",
                "Homes": "261249"
            },
            {
                "Dones": "270775",
                "any": "2013",
                "Homes": "260366"
            },
            {
                "Dones": "269590",
                "any": "2014",
                "Homes": "259085"
            },
            {
                "Dones": "269174",
                "any": "2015",
                "Homes": "258221"
            },
            {
                "Dones": "268121",
                "any": "2016",
                "Homes": "256700"
            },
            {
                "Dones": "267354",
                "any": "2017",
                "Homes": "255853"
            },
            {
                "Dones": "266492",
                "any": "2018",
                "Homes": "254342"
            },
            {
                "Dones": "266282",
                "any": "2019",
                "Homes": "254104"
            },
            {
                "Dones": "266725",
                "any": "2020",
                "Homes": "253992"
            }
        ],
        "Provincia": "Valladolid"
    },
    {
        "Anys": [
            {
                "Dones": "96940",
                "any": "2011",
                "Homes": "95787"
            },
            {
                "Dones": "96244",
                "any": "2012",
                "Homes": "95062"
            },
            {
                "Dones": "95095",
                "any": "2013",
                "Homes": "93947"
            },
            {
                "Dones": "93761",
                "any": "2014",
                "Homes": "92641"
            },
            {
                "Dones": "92635",
                "any": "2015",
                "Homes": "91539"
            },
            {
                "Dones": "91222",
                "any": "2016",
                "Homes": "90088"
            },
            {
                "Dones": "89812",
                "any": "2017",
                "Homes": "88746"
            },
            {
                "Dones": "88544",
                "any": "2018",
                "Homes": "87387"
            },
            {
                "Dones": "87396",
                "any": "2019",
                "Homes": "86236"
            },
            {
                "Dones": "86339",
                "any": "2020",
                "Homes": "85292"
            }
        ],
        "Provincia": "Zamora"
    },
    {
        "Anys": [
            {
                "Dones": "491588",
                "any": "2011",
                "Homes": "481855"
            },
            {
                "Dones": "493351",
                "any": "2012",
                "Homes": "481700"
            },
            {
                "Dones": "492917",
                "any": "2013",
                "Homes": "479590"
            },
            {
                "Dones": "491670",
                "any": "2014",
                "Homes": "476883"
            },
            {
                "Dones": "490936",
                "any": "2015",
                "Homes": "475668"
            },
            {
                "Dones": "489575",
                "any": "2016",
                "Homes": "472366"
            },
            {
                "Dones": "490099",
                "any": "2017",
                "Homes": "471399"
            },
            {
                "Dones": "489821",
                "any": "2018",
                "Homes": "470290"
            },
            {
                "Dones": "494306",
                "any": "2019",
                "Homes": "473742"
            },
            {
                "Dones": "498697",
                "any": "2020",
                "Homes": "477801"
            }
        ],
        "Provincia": "Zaragoza"
    },
    {
        "Anys": [
            {
                "Dones": "85426",
                "any": "2011",
                "Homes": "87344"
            },
            {
                "Dones": "84748",
                "any": "2012",
                "Homes": "86617"
            },
            {
                "Dones": "83906",
                "any": "2013",
                "Homes": "85552"
            },
            {
                "Dones": "82847",
                "any": "2014",
                "Homes": "84485"
            },
            {
                "Dones": "82068",
                "any": "2015",
                "Homes": "83673"
            },
            {
                "Dones": "81071",
                "any": "2016",
                "Homes": "82580"
            },
            {
                "Dones": "80161",
                "any": "2017",
                "Homes": "81587"
            },
            {
                "Dones": "79392",
                "any": "2018",
                "Homes": "80640"
            },
            {
                "Dones": "79058",
                "any": "2019",
                "Homes": "80202"
            },
            {
                "Dones": "78880",
                "any": "2020",
                "Homes": "80050"
            }
        ],
        "Provincia": "Ávila"
    }
]
