<?xml version="1.0" encoding="UTF-8" standalone="no"?>
<!-- Generated 19 de febr. 2021, 20:23:47 by Hibernate Tools 5.2.12.Final --><!DOCTYPE hibernate-mapping PUBLIC "-//Hibernate/Hibernate Mapping DTD 3.0//EN" "http://www.hibernate.org/dtd/hibernate-mapping-3.0.dtd">
<hibernate-mapping auto-import="true" default-access="property" default-cascade="none" default-lazy="true">
    <class dynamic-insert="false" dynamic-update="false" mutable="true" name="classes.Punt" optimistic-lock="version" polymorphism="implicit" select-before-update="false" table="punt">
        <composite-id class="classes.PuntId" mapped="false" name="id" unsaved-value="undefined">
            <key-property name="numR" type="int">
                <column name="num_r"/>
            </key-property>
            <key-property name="numP" type="int">
                <column name="num_p"/>
            </key-property>
        </composite-id>
        <many-to-one class="classes.Ruta" embed-xml="true" fetch="select" insert="false" name="ruta" not-found="exception" optimistic-lock="true" unique="false" update="false">
            <column name="num_r" not-null="true"/>
        </many-to-one>
        <property generated="never" lazy="false" name="nomP" optimistic-lock="true" type="string" unique="false">
            <column name="nom_p"/>
        </property>
        <property generated="never" lazy="false" name="latitud" optimistic-lock="true" type="java.lang.Float" unique="false">
            <column name="latitud" precision="8" scale="8"/>
        </property>
        <property generated="never" lazy="false" name="longitud" optimistic-lock="true" type="java.lang.Float" unique="false">
            <column name="longitud" precision="8" scale="8"/>
        </property>
    </class>
</hibernate-mapping>
