<?xml version="1.0" encoding="UTF-8" standalone="no"?>
<!-- Generated 19 de febr. 2021, 20:23:47 by Hibernate Tools 5.2.12.Final --><!DOCTYPE hibernate-mapping PUBLIC "-//Hibernate/Hibernate Mapping DTD 3.0//EN" "http://www.hibernate.org/dtd/hibernate-mapping-3.0.dtd">
<hibernate-mapping auto-import="true" default-access="property" default-cascade="none" default-lazy="true">
    <class dynamic-insert="false" dynamic-update="false" mutable="true" name="classes.Ruta" optimistic-lock="version" polymorphism="implicit" select-before-update="false" table="ruta">
        <id name="numR" type="int">
            <column name="num_r"/>
            <generator class="assigned"/>
        </id>
        <property generated="never" lazy="false" name="nomR" optimistic-lock="true" type="string" unique="false">
            <column name="nom_r"/>
        </property>
        <property generated="never" lazy="false" name="desnivell" optimistic-lock="true" type="java.lang.Integer" unique="false">
            <column name="desnivell"/>
        </property>
        <property generated="never" lazy="false" name="desnivellAcumulat" optimistic-lock="true" type="java.lang.Integer" unique="false">
            <column name="desnivell_acumulat"/>
        </property>
        <set embed-xml="true" fetch="select" inverse="true" lazy="true" mutable="true" name="punts" optimistic-lock="true" sort="unsorted" table="punt">
            <key on-delete="noaction">
                <column name="num_r" not-null="true"/>
            </key>
            <one-to-many class="classes.Punt" embed-xml="true" not-found="exception"/>
        </set>
    </class>
</hibernate-mapping>
