<?xml version="1.0" encoding="UTF-8" standalone="no"?>
<!-- Generated 15 de nov. 2020, 14:40:03 by Hibernate Tools 5.2.12.Final --><!DOCTYPE hibernate-mapping PUBLIC "-//Hibernate/Hibernate Mapping DTD 3.0//EN" "http://www.hibernate.org/dtd/hibernate-mapping-3.0.dtd">
<hibernate-mapping auto-import="true" default-access="property" default-cascade="none" default-lazy="true">
    <class dynamic-insert="false" dynamic-update="false" mutable="true" name="classes.Examen" optimistic-lock="version" polymorphism="implicit" select-before-update="false" table="examen">
        <composite-id class="classes.ExamenId" mapped="false" name="id" unsaved-value="undefined">
            <key-property name="dni" type="string">
                <column length="10" name="dni"/>
            </key-property>
            <key-property name="data" type="timestamp">
                <column length="35" name="data"/>
            </key-property>
        </composite-id>
        <many-to-one class="classes.Alumne" embed-xml="true" fetch="select" insert="false" name="alumne" not-found="exception" optimistic-lock="true" unique="false" update="false">
            <column length="10" name="dni" not-null="true"/>
        </many-to-one>
        <property generated="never" lazy="false" name="qualificacio" optimistic-lock="true" type="java.lang.Float" unique="false">
            <column name="qualificacio" precision="8" scale="8"/>
        </property>
    </class>
</hibernate-mapping>
