<?xml version="1.0" encoding="UTF-8" standalone="no"?>
<!-- Generated 15 de nov. 2020, 14:40:03 by Hibernate Tools 5.2.12.Final --><!DOCTYPE hibernate-mapping PUBLIC "-//Hibernate/Hibernate Mapping DTD 3.0//EN" "http://www.hibernate.org/dtd/hibernate-mapping-3.0.dtd">
<hibernate-mapping auto-import="true" default-access="property" default-cascade="none" default-lazy="true">
    <class dynamic-insert="false" dynamic-update="false" mutable="true" name="classes.Professor" optimistic-lock="version" polymorphism="implicit" select-before-update="false" table="professor">
        <id name="dni" type="string">
            <column length="10" name="dni"/>
            <generator class="assigned"/>
        </id>
        <property generated="never" lazy="false" name="nom" optimistic-lock="true" type="string" unique="false">
            <column length="25" name="nom"/>
        </property>
        <property generated="never" lazy="false" name="dataI" optimistic-lock="true" type="timestamp" unique="false">
            <column length="35" name="data_i"/>
        </property>
        <set embed-xml="true" fetch="select" inverse="true" lazy="true" mutable="true" name="alumnes" optimistic-lock="true" sort="unsorted" table="alumne" order-by="nom">
            <key on-delete="noaction">
                <column length="10" name="dni_p"/>
            </key>
            <one-to-many class="classes.Alumne" embed-xml="true" not-found="exception"/>
        </set>
    </class>
</hibernate-mapping>
