<?xml version="1.0" encoding="UTF-8" standalone="no"?>
<!-- Generated 26 d’oct. 2020, 21:22:58 by Hibernate Tools 5.2.12.Final --><!DOCTYPE hibernate-mapping PUBLIC "-//Hibernate/Hibernate Mapping DTD 3.0//EN" "http://www.hibernate.org/dtd/hibernate-mapping-3.0.dtd">
<hibernate-mapping auto-import="true" default-access="property" default-cascade="none" default-lazy="true">
    <class dynamic-insert="false" dynamic-update="false" mutable="true" name="classes.Comarca" optimistic-lock="version" polymorphism="implicit" select-before-update="false" table="comarca">
        <id name="nomC" type="string">
            <column length="50" name="nom_c"/>
            <generator class="assigned"/>
        </id>
        <property generated="never" lazy="false" name="provincia" optimistic-lock="true" type="string" unique="false">
            <column length="25" name="provincia"/>
        </property>
        <set embed-xml="true" fetch="select" inverse="true" lazy="true" mutable="true" name="poblacios" optimistic-lock="true" sort="unsorted" table="poblacio" order-by="nom">
            <key on-delete="noaction">
                <column length="50" name="nom_c"/>
            </key>
            <one-to-many class="classes.Poblacio" embed-xml="true" not-found="exception"/>
        </set>
    </class>
</hibernate-mapping>
