<?xml version="1.0" encoding="UTF-8" standalone="no"?>
<!-- Generated 26 d’oct. 2020, 21:22:58 by Hibernate Tools 5.2.12.Final --><!DOCTYPE hibernate-mapping PUBLIC "-//Hibernate/Hibernate Mapping DTD 3.0//EN" "http://www.hibernate.org/dtd/hibernate-mapping-3.0.dtd">
<hibernate-mapping auto-import="true" default-access="property" default-cascade="none" default-lazy="true">
    <class dynamic-insert="false" dynamic-update="false" mutable="true" name="classes.Poblacio" optimistic-lock="version" polymorphism="implicit" select-before-update="false" table="poblacio">
        <id name="codM" type="int">
            <column name="cod_m" precision="5" scale="0"/>
            <generator class="assigned"/>
        </id>
        <many-to-one class="classes.Comarca" embed-xml="true" fetch="select" insert="true" name="comarca" not-found="exception" optimistic-lock="true" unique="false" update="true">
            <column length="50" name="nom_c"/>
        </many-to-one>
        <property generated="never" lazy="false" name="nom" optimistic-lock="true" type="string" unique="false">
            <column length="50" name="nom" not-null="true"/>
        </property>
        <property generated="never" lazy="false" name="poblacio" optimistic-lock="true" type="java.lang.Integer" unique="false">
            <column name="poblacio" precision="6" scale="0"/>
        </property>
        <property generated="never" lazy="false" name="extensio" optimistic-lock="true" type="big_decimal" unique="false">
            <column name="extensio" precision="6"/>
        </property>
        <property generated="never" lazy="false" name="altura" optimistic-lock="true" type="java.lang.Short" unique="false">
            <column name="altura" precision="4" scale="0"/>
        </property>
        <property generated="never" lazy="false" name="longitud" optimistic-lock="true" type="string" unique="false">
            <column length="50" name="longitud"/>
        </property>
        <property generated="never" lazy="false" name="latitud" optimistic-lock="true" type="string" unique="false">
            <column length="50" name="latitud"/>
        </property>
        <property generated="never" lazy="false" name="llengua" optimistic-lock="true" type="java.lang.Character" unique="false">
            <column length="1" name="llengua"/>
        </property>
        <set embed-xml="true" fetch="select" inverse="true" lazy="true" mutable="true" name="instituts" optimistic-lock="true" sort="unsorted" table="institut">
            <key on-delete="noaction">
                <column name="cod_m" precision="5" scale="0"/>
            </key>
            <one-to-many class="classes.Institut" embed-xml="true" not-found="exception"/>
        </set>
    </class>
</hibernate-mapping>
